<?xml version="1.0" encoding="UTF-8"?>
<GenRun Id="synth_1" LaunchPart="xc7a50ticsg324-1L" LaunchTime="1615387381">
  <File Type="PA-TCL" Name="top1.tcl"/>
  <File Type="RDS-PROPCONSTRS" Name="top1_drc_synth.rpt"/>
  <File Type="REPORTS-TCL" Name="top1_reports.tcl"/>
  <File Type="RDS-RDS" Name="top1.vds"/>
  <File Type="RDS-UTIL" Name="top1_utilization_synth.rpt"/>
  <File Type="RDS-UTIL-PB" Name="top1_utilization_synth.pb"/>
  <File Type="RDS-DCP" Name="top1.dcp"/>
  <File Type="VDS-TIMINGSUMMARY" Name="top1_timing_summary_synth.rpt"/>
  <File Type="VDS-TIMING-PB" Name="top1_timing_summary_synth.pb"/>
  <FileSet Name="sources" Type="DesignSrcs" RelSrcDir="$PSRCDIR/sources_1" RelGenDir="$PGENDIR/sources_1">
    <Filter Type="Srcs"/>
    <File Path="$PSRCDIR/sources_1/new/clock_enable.vhd">
      <FileInfo>
        <Attr Name="UsedIn" Val="synthesis"/>
        <Attr Name="UsedIn" Val="simulation"/>
      </FileInfo>
    </File>
    <File Path="$PSRCDIR/sources_1/new/cnt_up_down.vhd">
      <FileInfo>
        <Attr Name="UsedIn" Val="synthesis"/>
        <Attr Name="UsedIn" Val="simulation"/>
      </FileInfo>
    </File>
    <File Path="$PSRCDIR/sources_1/imports/new/hex_7seg.vhd">
      <FileInfo>
        <Attr Name="ImportPath" Val="$PPRDIR/../LAB_4/LAB_4.srcs/sources_1/new/hex_7seg.vhd"/>
        <Attr Name="ImportTime" Val="1614779357"/>
        <Attr Name="UsedIn" Val="synthesis"/>
        <Attr Name="UsedIn" Val="simulation"/>
      </FileInfo>
    </File>
    <File Path="$PSRCDIR/sources_1/new/top1.vhd">
      <FileInfo>
        <Attr Name="UsedIn" Val="synthesis"/>
        <Attr Name="UsedIn" Val="simulation"/>
      </FileInfo>
    </File>
    <Config>
      <Option Name="DesignMode" Val="RTL"/>
      <Option Name="TopModule" Val="top1"/>
    </Config>
  </FileSet>
  <FileSet Name="constrs_in" Type="Constrs" RelSrcDir="$PSRCDIR/constrs_1">
    <Filter Type="Constrs"/>
    <File Path="$PSRCDIR/constrs_1/imports/new/const.xdc">
      <FileInfo>
        <Attr Name="ImportPath" Val="$PPRDIR/../LAB_4/LAB_4.srcs/constrs_1/new/const.xdc"/>
        <Attr Name="ImportTime" Val="1615387308"/>
        <Attr Name="UsedIn" Val="synthesis"/>
        <Attr Name="UsedIn" Val="implementation"/>
      </FileInfo>
    </File>
    <Config>
      <Option Name="ConstrsType" Val="XDC"/>
    </Config>
  </FileSet>
  <FileSet Name="utils" Type="Utils" RelSrcDir="$PSRCDIR/utils_1">
    <Filter Type="Utils"/>
    <Config>
      <Option Name="TopAutoSet" Val="TRUE"/>
    </Config>
  </FileSet>
  <Strategy Version="1" Minor="2">
    <StratHandle Name="Vivado Synthesis Defaults" Flow="Vivado Synthesis 2020"/>
    <Step Id="synth_design"/>
  </Strategy>
</GenRun>
